dp_username,dp_password
s.dixon_daa,pass123!@#
geethu.n_nms,pass123!@#
margrat.j_nms,pass123!@#
ann.j_nms,pass123!@#
dhanya.d_nms,pass123!@#
c.hagen_daa,pass123!@#
B.PATTANATH_CIS,pass123!@#
S.PARVEEN_CIS,pass123!@#
p.fernandez_daa,pass123!@#
e.nabil_daa,pass123!@#
s.murphy_daa,pass123!@#
l.jayne1_daa,pass123!@#
S.MANOJ_CIS,pass123!@#
s.vogt_daa,pass123!@#
MELISSA.F_TMS,pass123!@#
B.RAI_CIS,pass123!@#
m.ward_daa,pass123!@#
karpagalaksh.a_tms,pass123!@#
anusha.m_nms,pass123!@#
b.fanninjr_daa,pass123!@#
SOBHA.R_OOW,pass123!@#
edith.s_nms,pass123!@#
s.sachdev_daa,pass123!@#
NANCY.S_TMS,pass123!@#
r.refat_cis,pass123!@#
rianne.s_nms,pass123!@#
MACRISTINA.B_NMS,pass123!@#
DHANYA.K_NMS,pass123!@#
resna.p_tms,pass123!@#
v.pakalapati_cis,pass123!@#
j.radhamma_cis,pass123!@#
a.derick_cis,pass123!@#
elsy.v_tms,pass123!@#
J.CRICK_DAA,pass123!@#
M.ALSAIDMAGED_CIS,pass123!@#
S.PARAMBATH_CIS,pass123!@#
k.ryder_daa,pass123!@#
j.lerfald_daa,pass123!@#
d.simon_daa,pass123!@#
c.cantlie1_daa,pass123!@#
a.jebailey_daa,pass123!@#
j.oconnor1_daa,pass123!@#
R.PRASEETH_CIS,pass123!@#
m.webster_daa,pass123!@#
i.cuadradomich_daa,pass123!@#
m.lunn_daa,pass123!@#
c.strobel_daa,pass123!@#
babita.d_nms,pass123!@#
JISHA.G_NMS,pass123!@#
r.cook_daa,pass123!@#
ayat.e_nms,pass123!@#
STELLA.L_NMS,pass123!@#
satya.s_nms,pass123!@#
rameena.t_nms,pass123!@#
virgina.d_nms,pass123!@#
ramadevi.c_nms,pass123!@#
remya.r_nms,pass123!@#
barkha.s_nms,pass123!@#
haleema.t_nms,pass123!@#
steven.c_nms,pass123!@#
donamary.t_oow,pass123!@#
leena.n_mhs,pass123!@#
syeda.a_nms,pass123!@#
SUMI.B_NMS,pass123!@#
sharon.s_nms,pass123!@#
edith.l_nms,pass123!@#
SHINY.V_OOW,pass123!@#
sruthi.t_nms,pass123!@#
rachel.j2_tms,pass123!@#
AMALA.J_TMS,pass123!@#
s.velasquezbar_daa,pass123!@#
SAKINA.D_TMS,pass123!@#
m.gaudette_daa,pass123!@#
M.EVERSTEYN_DAA,pass123!@#
J.CLEGG_DAA,pass123!@#
L.HASSAN_DAA,pass123!@#
j.brinkman_daa,pass123!@#
preethe.s_nms,pass123!@#
j.harris1_daa,pass123!@#
k.doyle_daa,pass123!@#
g.smith_daa,pass123!@#
a.chowdhury_daa,pass123!@#
selvanayaki.g_nms,pass123!@#
PRIYANKA.G_NMS,pass123!@#
j.covel_daa,pass123!@#
j.jones_daa,pass123!@#
a.bolshakova_daa,pass123!@#
M.BRUAN1_DAA,pass123!@#
S.SALAHELDIN_DAA,pass123!@#
g.buford_daa,pass123!@#
n.tourville_daa,pass123!@#
a.kalodjera_daa,pass123!@#
i.forbes_daa,pass123!@#
p.martin_daa,pass123!@#
m.chaffee_daa,pass123!@#
steffi.p_nms,pass123!@#
k.forbes_daa,pass123!@#
A.DELGADO_DAA,pass123!@#
BENHUR.M_TMS,pass123!@#
shehrebano.a1_nms,pass123!@#
a.basanth_cis,pass123!@#
j.celestine_daa,pass123!@#
JYOTHI.E_CIS,pass123!@#
R.JOHN_CIS,pass123!@#
REEMA.M_CIS,pass123!@#
R.KOTB_DAA,pass123!@#
c.tunstill_cis,pass123!@#
r.fitzgibbon_daa,pass123!@#
K.MOHANRAM_CIS,pass123!@#
a.ashimi_daa,pass123!@#
N.MEHTA_CIS,pass123!@#
E.SWARTZ_DAA,pass123!@#
j.addison1_daa,pass123!@#
S.JAHANZEB1_CIS,pass123!@#
ALEX.G_CIS,pass123!@#
k.osborne_daa,pass123!@#
m.steenson_daa,pass123!@#
d.weyers_daa,pass123!@#
FAMIDA.C_NMS,pass123!@#
z.razzak_daa,pass123!@#
s.dharamsey_cis,pass123!@#
n.stephens_daa,pass123!@#
M.JOSEPH_CIS,pass123!@#
c.cudlipp_daa,pass123!@#
M.ABUREDWAN_DAA,pass123!@#
m.aftab_cis,pass123!@#
a.adams_daa,pass123!@#
L.YARWOOD_CIS,pass123!@#
r.riaz_daa,pass123!@#
d.holland_daa,pass123!@#
VIJAYA.M_OOD,pass123!@#
k.mallak_daa,pass123!@#
m.inje1_cis,pass123!@#
D.HILAL_DAA,pass123!@#
k.christman_daa,pass123!@#
s.grange_cis,pass123!@#
b.williams_daa,pass123!@#
d.doohan_daa,pass123!@#
s.hall_daa,pass123!@#
p.justinraj_cis,pass123!@#
n.patel_cis,pass123!@#
l.moore_daa,pass123!@#
r.khona_cis,pass123!@#
n.unnipravan_cis,pass123!@#
a.elsayed_daa,pass123!@#
f.mcgahey_daa,pass123!@#
c.gilling_daa,pass123!@#
PRIYA.D_MHS,pass123!@#
amal.s_nms,pass123!@#
s.mackenzie_daa,pass123!@#
m.saleh_daa,pass123!@#
s.leacock_daa,pass123!@#
p.staveley_daa,pass123!@#
e.ely_daa,pass123!@#
c.saigal1_cis,pass123!@#
s.staveley_daa,pass123!@#
j.fenwick_daa,pass123!@#
m.cabralcardos_daa,pass123!@#
e.lebrato_daa,pass123!@#
a.pereira_cis,pass123!@#
c.glynn_daa,pass123!@#
l.garciamerino_daa,pass123!@#
DURRAIYA.D_OOD,pass123!@#
a.jones1_daa,pass123!@#
s.mcdonald1_daa,pass123!@#
s.rajan_cis,pass123!@#
t.nordine_daa,pass123!@#
j.day_daa,pass123!@#
s.postemski_daa,pass123!@#
m.subramanian1_cis,pass123!@#
a.azoulay_daa,pass123!@#
N.BHATIA_CIS,pass123!@#
s.codita1_daa,pass123!@#
a.cerqueira_daa,pass123!@#
N.GILITWALA_CIS,pass123!@#
p.hopkins2_daa,pass123!@#
b.shute_daa,pass123!@#
M.CORNEANU_DAA,pass123!@#
m.ackerman_daa,pass123!@#
n.auchoybur_daa,pass123!@#
g.arora_cis,pass123!@#
m.faraz_cis,pass123!@#
h.akhtar_cis,pass123!@#
f.robertson_daa,pass123!@#
V.MAHESH_CIS,pass123!@#
p.wohler1_cis,pass123!@#
d.wilson_cis,pass123!@#
TROY.A_MHS,pass123!@#
c.vallorani_daa,pass123!@#
J.NARAYANANKUT_CIS,pass123!@#
i.deleon_daa,pass123!@#
B.VINCENT_CIS,pass123!@#
G.KAUR_CIS,pass123!@#
o.thayer_daa,pass123!@#
f.ruizangeles_daa,pass123!@#
GISHY.K_CIS,pass123!@#
s.khan_daa,pass123!@#
d.colquhoun_cis,pass123!@#
z.mroueh_daa,pass123!@#
b.thomas1_cis,pass123!@#
f.khurshid_cis,pass123!@#
p.nema_cis,pass123!@#
K.PANJWANI1_CIS,pass123!@#
c.pickering_jps,pass123!@#
t.boudakian1_daa,pass123!@#
l.cunliffe_jps,pass123!@#
c.waldron_mts,pass123!@#
e.cuthbertson_jps,pass123!@#
leema.s_tws,pass123!@#
g.vales_cis,pass123!@#
a.arter_jps,pass123!@#
k.williamson_jps,pass123!@#
r.kuchipudi_cis,pass123!@#
i.mohamed3_tbs,pass123!@#
p.debnam_daa,pass123!@#
T.MOHANDHAS_CIS,pass123!@#
R.NUEVO_CIS,pass123!@#
p.paularuldoss_cis,pass123!@#
s.worrell_jps,pass123!@#
M.KELLY_JPS,pass123!@#
SHALU.P_OOW,pass123!@#
c.haeton_mts,pass123!@#
g.abdelmotagal_tbs,pass123!@#
O.TARIK_CIA,pass123!@#
PRATIBHA.J_TWS,pass123!@#
alice.c_tws,pass123!@#
g.greenaway_cia,pass123!@#
s.sherif_bim,pass123!@#
ZABIHAKHATUN.E_TWS,pass123!@#
P.SMITH_MTS,pass123!@#
l.wade_wek,pass123!@#
a.newberry_jps,pass123!@#
c.royall_tbs,pass123!@#
z.joslin_mts,pass123!@#
smita.g_tws,pass123!@#
v.wamurwa_tbs,pass123!@#
s.worley_gaa,pass123!@#
s.kelly_gaa,pass123!@#
a.reynolds_gaa,pass123!@#
TEHMINA.K_TWS,pass123!@#
r.abdelraouf_bim,pass123!@#
h.said1_tbs,pass123!@#
f.clarke_wek,pass123!@#
e.stephensheil_daa,pass123!@#
ARUNDHATI.C_TWS,pass123!@#
m.mason_gaa,pass123!@#
l.nelder_bim,pass123!@#
m.ford_mts,pass123!@#
g.rennie_mts,pass123!@#
s.azam_mts,pass123!@#
s.tilly_gaa,pass123!@#
b.pointer_wek,pass123!@#
C.DURANTE_WEK,pass123!@#
S.MCDOUGALL_DAA,pass123!@#
ARUNDHUTI.M_TWS,pass123!@#
t.abbaasabdelr_bim,pass123!@#
binish.r1_tws,pass123!@#
n.jouzy_daa,pass123!@#
s.vandermerwe_daa,pass123!@#
s.roesler_daa,pass123!@#
n.martin_daa,pass123!@#
l.gudmanz_daa,pass123!@#
hina.g1_tws,pass123!@#
naznin.n_tws,pass123!@#
R.ELDINNAWI_DAA,pass123!@#
y.fakhereddin_mts,pass123!@#
t.kinyanjui_tbs,pass123!@#
p.rowlands_daa,pass123!@#
k.kelly_daa,pass123!@#
s.raaof_tbs,pass123!@#
n.omar_bim,pass123!@#
m.barnesrobert_bim,pass123!@#
m.mousa_tbs,pass123!@#
d.lindquist_daa,pass123!@#
L.RAWDAH_DAA,pass123!@#
a.osullivan1_mts,pass123!@#
m.gaber_tbs,pass123!@#
c.hines_daa,pass123!@#
alia.m_tws,pass123!@#
C.FUMO_DAA,pass123!@#
rekha.d_tws,pass123!@#
o.marsden_mts,pass123!@#
l.mccartyjr_bim,pass123!@#
a.elansary_tbs,pass123!@#
n.arnott_tbs,pass123!@#
k.philips_tbs,pass123!@#
a.rowlands_daa,pass123!@#
SHELMY.P_TWS,pass123!@#
d.ineson_tbs,pass123!@#
O.GHOSN_DAA,pass123!@#
l.dominguez_tbs,pass123!@#
s.williams1_daa,pass123!@#
l.mcclure_daa,pass123!@#
s.ahmed12_tbs,pass123!@#
s.rashad_tbs,pass123!@#
deekshitha.p_tws,pass123!@#
L.JABRI_WEK,pass123!@#
kristineannm.g_tws,pass123!@#
a.alnaggar_tbs,pass123!@#
a.ahrens_daa,pass123!@#
m.childress_daa,pass123!@#
m.florea_daa,pass123!@#
MASABISHABBI.G_TWS,pass123!@#
k.ashton_mts,pass123!@#
J.AJAYI_DAA,pass123!@#
THANUJALAL.S_TWS,pass123!@#
r.asham_daa,pass123!@#
l.starkova_tbs,pass123!@#
n.cylke_daa,pass123!@#
b.whelan_mts,pass123!@#
maryam.q1_tws,pass123!@#
r.thorne_mts,pass123!@#
s.lessiter_tbs,pass123!@#
c.maitland_mts,pass123!@#
SHARON.F1_TWS,pass123!@#
k.mcelligott_tbs,pass123!@#
m.kafour_tbs,pass123!@#
f.gauntlett_gfs,pass123!@#
N.MCMORROW_GWA,pass123!@#
s.akhtar_tbs,pass123!@#
LALI.M_TWS,pass123!@#
s.hockey_gwa,pass123!@#
W.SMART_GWA,pass123!@#
l.glicksman_gwa,pass123!@#
ANUJA.V_TWS,pass123!@#
k.brusnahan_jps,pass123!@#
K.BOYD_WEK,pass123!@#
h.kirkpatrick_jps,pass123!@#
v.markus_gwa,pass123!@#
C.MCLAREN_GWA,pass123!@#
p.taylor_gwa,pass123!@#
c.demicoli_tbs,pass123!@#
j.dias_gwa,pass123!@#
c.mazoyer_gwa,pass123!@#
S.LYNCH_WEK,pass123!@#
c.haseltine_gwa,pass123!@#
K.BROWN_JPS,pass123!@#
C.MCCONVILLE_JPS,pass123!@#
c.nixon_jps,pass123!@#
m.cummins_tbs,pass123!@#
E.COFFIN_GWA,pass123!@#
m.mauriceabdo_tbs,pass123!@#
T.COOPER_JPS,pass123!@#
EBINI.C_TWS,pass123!@#
j.raj_cia,pass123!@#
A.HOPKINS_JPS,pass123!@#
H.COX_GWA,pass123!@#
MAHWISH.A_TWS,pass123!@#
jumana.o_tws,pass123!@#
F.LEE_WEK,pass123!@#
C.HUNTLEY_JPS,pass123!@#
M.TURNER_JPS,pass123!@#
LINZ.K_TWS,pass123!@#
e.normanhunkin_mts,pass123!@#
p.hassanelhada_tbs,pass123!@#
k.burton_jps,pass123!@#
p.gerges_tbs,pass123!@#
d.elkawass_tbs,pass123!@#
n.mansi_tbs,pass123!@#
n.fayed_daa,pass123!@#
r.tierney_wek,pass123!@#
a.harrison_wis,pass123!@#
g.lewis_wek,pass123!@#
c.peters_gwa,pass123!@#
DINAMOHAMED.M_TWS,pass123!@#
D.RICHARDSON_JPS,pass123!@#
n.mahmood_cia,pass123!@#
k.burt_jps,pass123!@#
h.jackson1_jps,pass123!@#
N.SHARPE1_JPS,pass123!@#
n.sabra_tbs,pass123!@#
p.sims_jps,pass123!@#
a.ibtahim_tbs,pass123!@#
n.mohamed14_tbs,pass123!@#
S.ROBERTS_JPS,pass123!@#
c.torne_tbs,pass123!@#
a.burke_gwa,pass123!@#
P.HARRISON_GWA,pass123!@#
z.mahmood_cia,pass123!@#
h.negm_tbs,pass123!@#
RESMY.S_TWS,pass123!@#
a.barome_mts,pass123!@#
m.hassan_tbs,pass123!@#
e.brown_wis,pass123!@#
m.hassan2_tbs,pass123!@#
m.habib_tbs,pass123!@#
ANJANA.S_TWS,pass123!@#
n.abouelmaati_mts,pass123!@#
l.habib_bim,pass123!@#
r.rashwan_bim,pass123!@#
m.moharam_bim,pass123!@#
neetashyam.m_mhs,pass123!@#
G.TURNER1_WIS,pass123!@#
k.dridi_wis,pass123!@#
e.jonuzi_wis,pass123!@#
g.ragab_bim,pass123!@#
M.MCLAUGHLIN_WIS,pass123!@#
j.steede_wis,pass123!@#
j.watson_wek,pass123!@#
f.alnajjar_wek,pass123!@#
n.kahyesh_wis,pass123!@#
A.SORIANO_GFS,pass123!@#
t.jones_gfs,pass123!@#
j.winn_gfs,pass123!@#
c.bennett_gfs,pass123!@#
k.stephens_gfs,pass123!@#
e.maria_wis,pass123!@#
l.kennedy_wek,pass123!@#
R.SHADID_WIS,pass123!@#
b.egbert_wis,pass123!@#
r.yossef_bim,pass123!@#
A.ELSONBATY_WSO,pass123!@#
h.underhill_wis,pass123!@#
m.wiggins_wis,pass123!@#
m.ibrahim2_wis,pass123!@#
s.alisalam_wis,pass123!@#
T.HURFORD_WSO,pass123!@#
h.evans_wis,pass123!@#
R.ADEEL_GFS,pass123!@#
c.brooks_gfs,pass123!@#
o.elseidy_wis,pass123!@#
d.bamania_gfs,pass123!@#
r.kocho_wso,pass123!@#
S.BOOTH_WSO,pass123!@#
R.MENON_WIS,pass123!@#
L.GHAFFAR_WEK,pass123!@#
h.hamdan_wis,pass123!@#
S.AKRAM_WEK,pass123!@#
d.omer_tbs,pass123!@#
b.lowes_wso,pass123!@#
k.howells_wis,pass123!@#
g.hart_wis,pass123!@#
k.pace_jps,pass123!@#
s.jackson_gwa,pass123!@#
M.JOSEPH_WSO,pass123!@#
p.harwood_cia,pass123!@#
i.ali_wis,pass123!@#
a.wolfe_cia,pass123!@#
u.faisal1_cia,pass123!@#
a.charvanathan_wis,pass123!@#
HOSSAM.A_TWS,pass123!@#
c.dunn_wis,pass123!@#
c.scicluna_wis,pass123!@#
N.SEABORNE_WIS,pass123!@#
r.dunn_wis,pass123!@#
j.pandya_wis,pass123!@#
DINA.A4_TWS,pass123!@#
mohamedkamel.m_tws,pass123!@#
MANALMOHAMED.A_TWS,pass123!@#
IMAN.A_TWS,pass123!@#
c.mekhaeil_tbs,pass123!@#
cover6_mts,pass123!@#
n.basheer_mts,pass123!@#
h.hassan4_bim,pass123!@#
H.JUMAAH_CIA,pass123!@#
a.ragab_bim,pass123!@#
m.mohamed18_bim,pass123!@#
L.HAMMILL_FPS,pass123!@#
ABEIR.E_TWS,pass123!@#
f.mulvey_wis,pass123!@#
k.fletcher_wis,pass123!@#
S.MANSOUR_WEK,pass123!@#
o.thompson_wis,pass123!@#
N.HAMIDI_WIS,pass123!@#
r.durrance_wis,pass123!@#
m.chikhaoui_wek,pass123!@#
c.knowland_wis,pass123!@#
k.rahman_wis,pass123!@#
N.HENDAM_WIS,pass123!@#
m.ellis_wis,pass123!@#
m.ussher_wis,pass123!@#
a.shalaby_bim,pass123!@#
r.barakat_wis,pass123!@#
s.farrag_wso,pass123!@#
l.wood1_wis,pass123!@#
a.donaldson_wis,pass123!@#
J.KEARINS_WSO,pass123!@#
DAWOOD.A_TWS,pass123!@#
a.lancaster_gwa,pass123!@#
r.mistry_wso,pass123!@#
j.luffman_wso,pass123!@#
r.sherif_bim,pass123!@#
h.picot_tbs,pass123!@#
m.hasshad_bim,pass123!@#
MIRFAT.I_TWS,pass123!@#
m.abdeen_bim,pass123!@#
h.ford_wek,pass123!@#
NABIA.M_TWS,pass123!@#
r.oneill_wek,pass123!@#
k.richards_wek,pass123!@#
a.marrow_wso,pass123!@#
C.POWNALL_WSO,pass123!@#
f.firdousi_wek,pass123!@#
n.beerjeraz_wso,pass123!@#
n.elzanaty_tbs,pass123!@#
m.othman_bim,pass123!@#
MANJUMOL.J_TWS,pass123!@#
ZAINAB.T_TWS,pass123!@#
YASMIN.J_TWS,pass123!@#
j.williams_jps,pass123!@#
j.cronin_wso,pass123!@#
M.SCHREIBER_JPS,pass123!@#
z.winslade_gwa,pass123!@#
m.march_jps,pass123!@#
C.WERRAN_JPS,pass123!@#
r.botes_wso,pass123!@#
K.HAMMOND_JPS,pass123!@#
pallvi.m_mag,pass123!@#
B.GOULET_WSO,pass123!@#
m.oconnor_wek,pass123!@#
s.khan9_wis,pass123!@#
l.ward_jps,pass123!@#
shruti.s_mag,pass123!@#
mansimran.s_mag,pass123!@#
surbhi.b_mag,pass123!@#
deepanwita.d_mag,pass123!@#
nisha.s_mag,pass123!@#
pooja.b_mag,pass123!@#
babita.s_mag,pass123!@#
purba.a_mag,pass123!@#
shivani.b1_mag,pass123!@#
shivani.g_mag,pass123!@#
priyanka.g_mag,pass123!@#
kavita.s_mag,pass123!@#
ismita.d_mag,pass123!@#
pranita.g_mag,pass123!@#
rachna.d_mag,pass123!@#
manaka.m_mag,pass123!@#
shivani.b_mag,pass123!@#
meenakshi.m_mag,pass123!@#
meghna.b_mag,pass123!@#
himani.p1_mag,pass123!@#
harshita.c1_mag,pass123!@#
arpita.r_mag,pass123!@#
chanchal.w1_mag,pass123!@#
gurpreet.d1_mag,pass123!@#
poonam.t_mag,pass123!@#
teacher2_pds,pass123!@#
tuilka.s_mag,pass123!@#
teacher4_pvs,pass123!@#
teacher,pass123!@#
poonam_mag,pass123!@#
teacher3_pvs,pass123!@#
SUJA.C_OOS,pass123!@#
SAHAR.M_OOS,pass123!@#
SYEDA.G_OOS,pass123!@#
JULIE.J3_OOS,pass123!@#
RUPA.M_OOS,pass123!@#
UDAYA.P_OOS,pass123!@#
SALWA.A_OOS,pass123!@#
rajeema.r_oos,pass123!@#
FEMINA.M_OOS,pass123!@#
BINDUVJOHN.E_OOS,pass123!@#
WINNIE.N_OOS,pass123!@#
daphne.v_oos,pass123!@#
ambareen.s_oos,pass123!@#
KUSUM.S_OOS,pass123!@#
MEERA.J_OOS,pass123!@#
reshma.s2_oos,pass123!@#
dhanya.c_oos,pass123!@#
SREEJA.B_OOS,pass123!@#
SHEEBA.S_OOS,pass123!@#
BINI.J_OOS,pass123!@#
karishma.a_oos,pass123!@#
SAUMYA.K_OOS,pass123!@#
JINI.A_OOS,pass123!@#
SEENATH.T_OOS,pass123!@#
DEEPA.N_OOS,pass123!@#
JAYASHREE.G_OOS,pass123!@#
lekshmi.m_oos,pass123!@#
HEMABEN.S_OOS,pass123!@#
erica.j_oos,pass123!@#
naisa.n1_oos,pass123!@#
rini.j_oos,pass123!@#
JUDITH.J_OOS,pass123!@#
arpitha.r1_oos,pass123!@#
SAHAR.A_OOS,pass123!@#
DEVI.M_OOS,pass123!@#
JEHAN.N_OOS,pass123!@#
REKHA.K_OOS,pass123!@#
JIJI.E_OOS,pass123!@#
minnu.k_oos,pass123!@#
LAKSHMY.K_OOS,pass123!@#
bertilla.m_oos,pass123!@#
ANJU.A_OOS,pass123!@#
GINA.J_OOS,pass123!@#
BINDU.V_OOS,pass123!@#
SOUMYAMOL.A_OOS,pass123!@#
samia.m_oos,pass123!@#
SONIMA.P_OOS,pass123!@#
nikhat.k_oos,pass123!@#
bayan.s_oos,pass123!@#
archana.s_oos,pass123!@#
RAJASREE.B_OOS,pass123!@#
rajalekshmi.m_oos,pass123!@#
SUDHA.M_OOS,pass123!@#
REKHA.S_OOS,pass123!@#
KAVITA.K_OOS,pass123!@#
GHADA.R_OOS,pass123!@#
ANSARI.S_OOS,pass123!@#
APARNA.H_OOS,pass123!@#
RAJI.C_OOS,pass123!@#
REENACHACKO.E_OOS,pass123!@#
ANUJA.A_OOS,pass123!@#
DEVIRAMASAMY.E_OOS,pass123!@#
remya.d1_oos,pass123!@#
lopa.c_oos,pass123!@#
INDIRAPRIYA.S_OOS,pass123!@#
SUCHARITA.G_OOS,pass123!@#
RAMA.E_OOS,pass123!@#
NISHA.J1_OOS,pass123!@#
MADHAVI.C1_OOS,pass123!@#
smitha.s_oos,pass123!@#
anjali.a1_oos,pass123!@#
roshny.v_oos,pass123!@#
FAWZIA.A_OOS,pass123!@#
RIZLEENA.S_OOS,pass123!@#
SHAZIA.A2_OOS,pass123!@#
ASHU.A_OOS,pass123!@#
priyanka.f_oos,pass123!@#
rasha.h1_oos,pass123!@#
sheeja.u1_oos,pass123!@#
divya.n_oos,pass123!@#
SUMA.K_OOS,pass123!@#
fazeelath.a_oos,pass123!@#
farhana.b_oos,pass123!@#
NISHA.S1_OOS,pass123!@#
DEEPA.G_OOS,pass123!@#
VIJAYAPRIYA.N_OOS,pass123!@#
ESTHER.S1_OOS,pass123!@#
GANIMA.M_OOS,pass123!@#
dhanya.r1_oos,pass123!@#
ASHA.S1_OOS,pass123!@#
jacquline.f_oos,pass123!@#
SAMAH.E_OOS,pass123!@#
farhana.c_oos,pass123!@#
SAKINA.R_OOS,pass123!@#
ZULEQUA.S_OOS,pass123!@#
ANAM.E_OOS,pass123!@#
SAKLANI.R_OOS,pass123!@#
SINDHUPRAKASH.E_OOS,pass123!@#
asra.f1_oos,pass123!@#
bhairvi.s1_oos,pass123!@#
HINA.F_OOS,pass123!@#
deepa.j_oos,pass123!@#
NANDELA.S_OOS,pass123!@#
MERAJ.F_OOS,pass123!@#
RAUNAQUE.S_OOS,pass123!@#
SUPRITHA.S_OOS,pass123!@#
SHENCY.J_OOS,pass123!@#
anila.m_oos,pass123!@#
SABIHAKHAN.E_OOS,pass123!@#
SHARMILA.S_OOS,pass123!@#
CELINA.V_OOS,pass123!@#
sreedevi.k_oos,pass123!@#
HEMA.K_OOS,pass123!@#
HINA.K_OOS,pass123!@#
reshma.r3_oos,pass123!@#
REBECCA.W_OOS,pass123!@#
latha.m_oos,pass123!@#
PREETHI.P_OOS,pass123!@#
VINITA.S_OOS,pass123!@#
ELIZABETH.G_OOS,pass123!@#
SONALIBISWAS.E_OOS,pass123!@#
rupika.s_oos,pass123!@#
KEHKASHAN.A_OOS,pass123!@#
MANPREET.B_OOS,pass123!@#
SUDIPTA.D_OOS,pass123!@#
sameena.k_oos,pass123!@#
yasmeen.a2_oos,pass123!@#
RINKU.B_OOS,pass123!@#
SPRIHA.M_OOS,pass123!@#
shadma.k1_oos,pass123!@#
FAMEDHA.M_OOS,pass123!@#
SHEEJA.S_OOS,pass123!@#
SUJASURESH.E_OOS,pass123!@#
SANGEETA.G_OOS,pass123!@#
BEENA.J_OOS,pass123!@#
CHRISTINA.K_OOS,pass123!@#
HARPREET.D_OOS,pass123!@#
TAHMINA.R_OOS,pass123!@#
GLADSSY.M_OOS,pass123!@#
nikita.d5_oos,pass123!@#
ALMAS.H_OOS,pass123!@#
JOTHI.M_OOS,pass123!@#
indulekha.s1_oos,pass123!@#
ZEBANASIM.S_MHS,pass123!@#
haseena.s_oos,pass123!@#
rubina.k_oos,pass123!@#
chitra.m_oos,pass123!@#
vandana.t_oos,pass123!@#
sangeetha.k_oos,pass123!@#
PHILIP.M_OOS,pass123!@#
SHILPA.A_OOS,pass123!@#
RAJNI.D1_OOS,pass123!@#
meera.k_oos,pass123!@#
ansa.n_oos,pass123!@#
SUPRAJA.G_MHS,pass123!@#
FASEEHUNNISA.B_OOS,pass123!@#
jayashree.s_mhs,pass123!@#
NIDHI.E_OOS,pass123!@#
ARCHANA.R_MHS,pass123!@#
SWARUPA.M_OOS,pass123!@#
RESHMI.X_OOS,pass123!@#
MEENA.K_OOS,pass123!@#
betty.j_oos,pass123!@#
radhika.s2_oos,pass123!@#
shehani.g_oos,pass123!@#
SMITHA.J_OOS,pass123!@#
liby.a_oos,pass123!@#
divya.p_oos,pass123!@#
ferdina.i_oos,pass123!@#
ANCHAL.M_MHS,pass123!@#
INDRANI.B_MHS,pass123!@#
asmaa.e_oos,pass123!@#
ZEENATH.P_OOS,pass123!@#
fatema.r1_oos,pass123!@#
sreela.n_oos,pass123!@#
AMIAJAY.E_MHS,pass123!@#
SUBARNA.B_MHS,pass123!@#
SAMEERA.F1_MHS,pass123!@#
SHEETAL.M_MHS,pass123!@#
DIVYA.S_OOS,pass123!@#
KAHKESHAN.A_OOS,pass123!@#
DEEPA.B1_MHS,pass123!@#
HAYFA.S_OOS,pass123!@#
SAMINA.Y_OOS,pass123!@#
mona.j_oos,pass123!@#
SUNITA.S_MHS,pass123!@#
ROBIN.G_OOS,pass123!@#
imen.h_oos,pass123!@#
ANNJACQUELIN.S_OOS,pass123!@#
VANITHA.V_OOS,pass123!@#
deepa.c_oos,pass123!@#
bhavani.k_mhs,pass123!@#
MAYA.S_OOS,pass123!@#
SHWETA.J1_MHS,pass123!@#
amany.a_oos,pass123!@#
sheroline.f_mhs,pass123!@#
GURPREET.N_OOS,pass123!@#
aswathi.a_oos,pass123!@#
KANWALJIT.K_OOS,pass123!@#
RAZAZ.E_MHS,pass123!@#
PREMLATA.B_OOS,pass123!@#
DAVID.M1_MHS,pass123!@#
priya.i_mhs,pass123!@#
DIVANISRIMAL.G_MHS,pass123!@#
ARCHANA.A_MHS,pass123!@#
HAFIZ.N_MHS,pass123!@#
GANESH.B_MHS,pass123!@#
rumana.a_mhs,pass123!@#
SHAUNA.M_MHS,pass123!@#
MARY.V_MHS,pass123!@#
ANKITA.S2_OOS,pass123!@#
HUMERA.S1_OOS,pass123!@#
sumaiya.v_mhs,pass123!@#
SAIDU.S_MHS,pass123!@#
CAROLYN.R_MHS,pass123!@#
PREETI.B_MHS,pass123!@#
amitavo.r_mhs,pass123!@#
GIRLY.K_OOS,pass123!@#
fozia.s1_mhs,pass123!@#
naresh.y_mhs,pass123!@#
vimaldeep.k_mhs,pass123!@#
farzana.s_oos,pass123!@#
THERESA.M_MHS,pass123!@#
ALFIYA.P_OOS,pass123!@#
JAMAL.S_OOS,pass123!@#
SHOMA.M_MHS,pass123!@#
MARCELIN.V2_MHS,pass123!@#
VASALAMARRYS.E_MHS,pass123!@#
TATUM.F_OOS,pass123!@#
jisha.k_oos,pass123!@#
GUMMADISUCHI.E_MHS,pass123!@#
ANJUM.K_OOS,pass123!@#
KANCHAN.S_MHS,pass123!@#
alaa.a_oos,pass123!@#
swagatika.r_oos,pass123!@#
GURJEPALLI.R_MHS,pass123!@#
neha.f1_oos,pass123!@#
ibtissam.f_oos,pass123!@#
LEESAMMA.J_OOS,pass123!@#
SHAHNAS.U_OOS,pass123!@#
premika.p_mhs,pass123!@#
juliet.m_oos,pass123!@#
CHRISTINA.L_MHS,pass123!@#
JAYSAREE.S_OOS,pass123!@#
PADMA.J_MHS,pass123!@#
TANJORE.S_OOL,pass123!@#
MANJU.S_OOL,pass123!@#
NISHA.S_OOL,pass123!@#
SHARMISTHA.M_OOS,pass123!@#
lakshmi.s3_mhs,pass123!@#
NUZHAT.S_OOS,pass123!@#
IRISH.D_OOL,pass123!@#
sajna.s_ool,pass123!@#
AGATHA.G_MHS,pass123!@#
VIOLET.B_MHS,pass123!@#
SHAFEEK.B_OOS,pass123!@#
MADIPAKAM.A_MHS,pass123!@#
NAMITHA.V_OOL,pass123!@#
BEENA.J_OOL,pass123!@#
sangeeta.a_mhs,pass123!@#
SEEMA.K_MHS,pass123!@#
MINI.J_OOS,pass123!@#
jessica.d_ool,pass123!@#
hebafisal.a_ool,pass123!@#
MILI.J_OOS,pass123!@#
SINDHU.S_OOL,pass123!@#
rihamshawky.z_ool,pass123!@#
SUNITHA.K_OOS,pass123!@#
ADRIAN.R_OOL,pass123!@#
WESAM.A_OOL,pass123!@#
SUKURKAMEL.H_MHS,pass123!@#
theresa.n_mhs,pass123!@#
salmanulfari.n_ool,pass123!@#
RASHAELSAID.E1_OOL,pass123!@#
faiza.a_mhs,pass123!@#
geetha.s2_oos,pass123!@#
rohini.a_mhs,pass123!@#
rakhee.b_ool,pass123!@#
shareena.r_ool,pass123!@#
JOHN.V_OOL,pass123!@#
aly.b_mhs,pass123!@#
ANJAN.S_OOL,pass123!@#
RAJESHKUMAR.M_MHS,pass123!@#
AATTREYEE.G_OOL,pass123!@#
SHELY.D_MHS,pass123!@#
HAFSA.F_MHS,pass123!@#
SIMI.S1_MHS,pass123!@#
NAJMUSSAHAR.S_OOL,pass123!@#
sirilmarina.o_ool,pass123!@#
seema.a1_oos,pass123!@#
seema.r_ool,pass123!@#
VANDANA.M_MHS,pass123!@#
JIGNYASA.P_MHS,pass123!@#
pratibha.m_oos,pass123!@#
neethu.j_ool,pass123!@#
babyvalantee.j_ool,pass123!@#
ARJUN.B3_MHS,pass123!@#
SHARON.F_MHS,pass123!@#
MOHAMMED.M_MHS,pass123!@#
JAISON.J_MHS,pass123!@#
REENA.J_MHS,pass123!@#
SHALIN.S_MHS,pass123!@#
AARTIPRAMOD.S_MHS,pass123!@#
MOHAMMEDALI.R_MHS,pass123!@#
HEMALATA.R_MHS,pass123!@#
pushpalatha.a_oos,pass123!@#
BHAVIKA.T_MHS,pass123!@#
CHERAMANGALAM.A_OOS,pass123!@#
RUBIA.M_OOS,pass123!@#
HINA.K2_OOS,pass123!@#
shubhi.t_mhs,pass123!@#
nikita.p2_oos,pass123!@#
MANKAD.R_OOS,pass123!@#
SONAL.B_MHS,pass123!@#
DEBORAH.M_MHS,pass123!@#
JOSEPHINE.L_MHS,pass123!@#
RENU.B_MHS,pass123!@#
sonia.p_mhs,pass123!@#
CYNTHIA.D_MHS,pass123!@#
VINITA.T_MHS,pass123!@#
julia.m_mhs,pass123!@#
CHARU.S_OOL,pass123!@#
SUMANA.E_MHS,pass123!@#
ANTOINETTE.H_MHS,pass123!@#
AHMED.A15_OOL,pass123!@#
hend.e1_ool,pass123!@#
s.ahmed16_wek,pass123!@#
DIVYA.F_OOL,pass123!@#
K.BELLAHOUEL_GWS,pass123!@#
shabeena.a_ool,pass123!@#
AZZA.A_OOL,pass123!@#
nehanagi.a_ool,pass123!@#
dhanya.d_nms,pass123!@#
amany.a_ool,pass123!@#
BILJI.M_OOL,pass123!@#
J.MCMILLAN_GWS,pass123!@#